{
  "summary": {
    "count": 8,
    "phases": {
      "encode_s": {
        "mean": 0.1160541555,
        "p50": 0.1160541555,
        "p95": 0.116073413,
        "min": 0.116034898,
        "max": 0.116073413,
        "n": 8
      },
      "generate_s": {
        "mean": 6.813609688,
        "p50": 6.813609688,
        "p95": 7.043613487,
        "min": 6.583605889,
        "max": 7.043613487,
        "n": 8
      },
      "decode_s": {
        "mean": 0.0006934145,
        "p50": 0.0006934145,
        "p95": 0.000788268,
        "min": 0.000598561,
        "max": 0.000788268,
        "n": 8
      },
      "total_s": {
        "mean": 6.930357258,
        "p50": 6.930357258,
        "p95": 7.160436653,
        "min": 6.700277863,
        "max": 7.160436653,
        "n": 8
      }
    },
    "throughput": {
      "output_tokens_per_s": {
        "mean": 31.994554993397923,
        "p50": 32.026328190599955,
        "p95": 33.211283252134535,
        "min": 30.808050498583526,
        "max": 33.264445608129265,
        "n": 8
      },
      "avg_output_tokens": 217.75,
      "samples_per_s": 0.14429270566761307
    }
  },
  "meta": {
    "model_id": "llava-hf/llava-onevision-qwen2-0.5b-ov-hf",
    "quant": {
      "name": "fp16",
      "torch_dtype": "fp16"
    },
    "gen": {
      "batch_size": 4,
      "max_new_tokens": 256,
      "do_sample": false,
      "top_p": 0.9,
      "seed": 0
    },
    "preprocess": {
      "max_image_side": 640
    },
    "dataset": {
      "csv": "batches.csv",
      "n": 8
    }
  }
}