{
  "summary": {
    "count": 4,
    "phases": {
      "encode_s": {
        "mean": 0.06371521425,
        "p50": 0.060799921,
        "p95": 0.08813821379999999,
        "min": 0.040463644,
        "max": 0.092797371,
        "n": 4
      },
      "generate_s": {
        "mean": 3.85763461425,
        "p50": 3.104291005,
        "p95": 7.152844989249999,
        "min": 1.458870975,
        "max": 7.763085472,
        "n": 4
      },
      "decode_s": {
        "mean": 0.0006241335,
        "p50": 0.000597524,
        "p95": 0.00073568265,
        "min": 0.000544202,
        "max": 0.000757284,
        "n": 4
      },
      "total_s": {
        "mean": 3.921973962,
        "p50": 3.1656884499999998,
        "p95": 7.2414379650999985,
        "min": 1.499878821,
        "max": 7.856640127,
        "n": 4
      }
    },
    "throughput": {
      "output_tokens_per_s": {
        "mean": 14.933866953775118,
        "p50": 13.459015119111747,
        "p95": 23.730296771255276,
        "min": 7.956188696375153,
        "max": 24.861248880501826,
        "n": 4
      },
      "avg_output_tokens": 72.75,
      "samples_per_s": 0.25497364584492366
    }
  },
  "meta": {
    "model_id": "llava-hf/llava-onevision-qwen2-0.5b-ov-hf",
    "quant": {
      "name": "fp16",
      "torch_dtype": "fp16"
    },
    "gen": {
      "max_new_tokens": 256,
      "do_sample": false,
      "top_p": 0.9,
      "seed": 0
    },
    "preprocess": {
      "max_image_side": 640
    },
    "dataset": {
      "csv": "examples.csv",
      "n": 4
    }
  }
}