{
  "summary": {
    "count": 4,
    "phases": {
      "encode_s": {
        "mean": 0.06229519325,
        "p50": 0.061745168499999996,
        "p95": 0.08703528899999999,
        "min": 0.034363326,
        "max": 0.09132711,
        "n": 4
      },
      "generate_s": {
        "mean": 3.86812906275,
        "p50": 3.1023677505,
        "p95": 7.192975740349999,
        "min": 1.454980717,
        "max": 7.812800033,
        "n": 4
      },
      "decode_s": {
        "mean": 0.0006253615,
        "p50": 0.0006222705,
        "p95": 0.0007650281999999999,
        "min": 0.000470473,
        "max": 0.000786432,
        "n": 4
      },
      "total_s": {
        "mean": 3.9310496175000003,
        "p50": 3.1647351895,
        "p95": 7.280485117099998,
        "min": 1.489814516,
        "max": 7.904913575,
        "n": 4
      }
    },
    "throughput": {
      "output_tokens_per_s": {
        "mean": 14.909271436945293,
        "p50": 13.505205004277796,
        "p95": 23.605837007742288,
        "min": 7.923624440741128,
        "max": 24.70305129848445,
        "n": 4
      },
      "avg_output_tokens": 72.75,
      "samples_per_s": 0.2543849855133506
    }
  },
  "meta": {
    "model_id": "llava-hf/llava-onevision-qwen2-0.5b-ov-hf",
    "quant": {
      "name": "bf16",
      "torch_dtype": "bf16"
    },
    "gen": {
      "max_new_tokens": 256,
      "do_sample": false,
      "top_p": 0.9,
      "seed": 0
    },
    "preprocess": {
      "max_image_side": 640
    },
    "dataset": {
      "csv": "examples.csv",
      "n": 4
    }
  }
}