{
  "summary": {
    "count": 8,
    "phases": {
      "encode_s": {
        "mean": 0.12258097949999999,
        "p50": 0.12258097949999999,
        "p95": 0.134394035,
        "min": 0.110767924,
        "max": 0.134394035,
        "n": 8
      },
      "generate_s": {
        "mean": 33.256504592,
        "p50": 33.256504592,
        "p95": 33.354594235,
        "min": 33.158414949,
        "max": 33.354594235,
        "n": 8
      },
      "decode_s": {
        "mean": 0.000774223,
        "p50": 0.000774223,
        "p95": 0.00078265,
        "min": 0.000765796,
        "max": 0.00078265,
        "n": 8
      },
      "total_s": {
        "mean": 33.3798597945,
        "p50": 33.3798597945,
        "p95": 33.466144809,
        "min": 33.29357478,
        "max": 33.466144809,
        "n": 8
      }
    },
    "throughput": {
      "output_tokens_per_s": {
        "mean": 6.667926525837596,
        "p50": 6.664974798702342,
        "p95": 6.714735922765052,
        "min": 6.625773902178007,
        "max": 6.725291312717748,
        "n": 8
      },
      "avg_output_tokens": 221.75,
      "samples_per_s": 0.029958184550696345
    }
  },
  "meta": {
    "model_id": "llava-hf/llava-onevision-qwen2-0.5b-ov-hf",
    "quant": {
      "name": "bnb8",
      "load_in_8bit": true
    },
    "gen": {
      "batch_size": 4,
      "max_new_tokens": 256,
      "do_sample": false,
      "top_p": 0.9,
      "seed": 0
    },
    "preprocess": {
      "max_image_side": 640
    },
    "dataset": {
      "csv": "batches.csv",
      "n": 8
    }
  }
}