{
  "summary": {
    "count": 8,
    "phases": {
      "encode_s": {
        "mean": 0.11249617149999999,
        "p50": 0.11249617149999999,
        "p95": 0.115246401,
        "min": 0.109745942,
        "max": 0.115246401,
        "n": 8
      },
      "generate_s": {
        "mean": 16.487795916499998,
        "p50": 16.487795916499998,
        "p95": 16.594213844,
        "min": 16.381377989,
        "max": 16.594213844,
        "n": 8
      },
      "decode_s": {
        "mean": 0.000652244,
        "p50": 0.000652244,
        "p95": 0.000716266,
        "min": 0.000588222,
        "max": 0.000716266,
        "n": 8
      },
      "total_s": {
        "mean": 16.600944332,
        "p50": 16.600944332,
        "p95": 16.710176511,
        "min": 16.491712153,
        "max": 16.710176511,
        "n": 8
      }
    },
    "throughput": {
      "output_tokens_per_s": {
        "mean": 10.295922674992124,
        "p50": 10.310694558520751,
        "p95": 10.417316547764814,
        "min": 10.18427275848959,
        "max": 10.438682271712764,
        "n": 8
      },
      "avg_output_tokens": 169.75,
      "samples_per_s": 0.06023753709434461
    }
  },
  "meta": {
    "model_id": "llava-hf/llava-onevision-qwen2-0.5b-ov-hf",
    "quant": {
      "name": "bnb4_nf4",
      "load_in_4bit": true,
      "bnb_4bit_compute_dtype": "bf16",
      "bnb_4bit_quant_type": "nf4",
      "bnb_4bit_use_double_quant": true
    },
    "gen": {
      "batch_size": 4,
      "max_new_tokens": 256,
      "do_sample": false,
      "top_p": 0.9,
      "seed": 0
    },
    "preprocess": {
      "max_image_side": 640
    },
    "dataset": {
      "csv": "batches.csv",
      "n": 8
    }
  }
}