{
  "summary": {
    "count": 4,
    "phases": {
      "encode_s": {
        "mean": 0.0600147505,
        "p50": 0.0619237155,
        "p95": 0.07860247994999998,
        "min": 0.035073823,
        "max": 0.081137748,
        "n": 4
      },
      "generate_s": {
        "mean": 9.7588059925,
        "p50": 5.1010049505,
        "p95": 22.880048458749993,
        "min": 2.91242949,
        "max": 25.920784579,
        "n": 4
      },
      "decode_s": {
        "mean": 0.0005921075,
        "p50": 0.000624305,
        "p95": 0.00069611225,
        "min": 0.00041354,
        "max": 0.00070628,
        "n": 4
      },
      "total_s": {
        "mean": 9.8194128505,
        "p50": 5.163552971,
        "p95": 22.95934279394999,
        "min": 2.947916853,
        "max": 26.002628607,
        "n": 4
      }
    },
    "throughput": {
      "output_tokens_per_s": {
        "mean": 5.166330993049163,
        "p50": 4.7932061438359,
        "p95": 6.590854392315979,
        "min": 4.173256516007355,
        "max": 6.905655168517498,
        "n": 4
      },
      "avg_output_tokens": 59.75,
      "samples_per_s": 0.10183908297012693
    }
  },
  "meta": {
    "model_id": "llava-hf/llava-onevision-qwen2-0.5b-ov-hf",
    "quant": {
      "name": "bnb8",
      "load_in_8bit": true
    },
    "gen": {
      "max_new_tokens": 256,
      "do_sample": false,
      "top_p": 0.9,
      "seed": 0
    },
    "preprocess": {
      "max_image_side": 640
    },
    "dataset": {
      "csv": "examples.csv",
      "n": 4
    }
  }
}